{"cameraMode":{"drawMode":0,"name":"Shaded","section":"Shading Mode"},"sceneLighting":true,"audioPlay":true,"sceneViewState":{"showFog":true,"showMaterialUpdate":false,"showSkybox":true,"showFlares":true,"showImageEffects":true,"showParticleSystems":true},"in2DMode":false,"pivot":{"x":-0.10620570927858353,"y":-0.2711666226387024,"z":0.8002965450286865},"rotation":{"x":-0.16748227179050446,"y":0.019812079146504403,"z":-0.003366292454302311,"w":-0.985670268535614},"size":3.840176820755005,"orthographic":false}